{
    "Masked Prediction Accuracy": 1.2276817283244442e-08,
    "Perplexity": 297469.59694162785
}